Código de Centro Normalizado REGCESS (CCN);Nombre de Centro;Código Autonómico de Autorización del Centro;Comunidad Autónoma;Provincia;Municipio;Clase de Centro;Dependencia Funcional;
0908005231;APTIMA CENTRE CLINIC - MUTUA DE TERRASSA;H08002713;Cataluña;Barcelona;Terrassa;Hospitales Generales;Privados;
0908005160;CENTRE DE PREVENCIO I REHABILITACIO ASEPEYO;H08000459;Cataluña;Barcelona;Sant Cugat del Vallès;Hospitales Generales;Privados;
0908005145;CENTRE HOSPITALARI POLICLINICA BARCELONA;H08000145;Cataluña;Barcelona;Barcelona;Hospitales Generales;Privados;
0943000750;CENTRE MQ REUS;H43001815;Cataluña;Tarragona;Reus;Hospitales Generales;Privados;
0123003109;CENTRO HOSPITALARIO DE ALTA RESOLUCION DE CAZORLA;52656;Andalucía;Jaén;Cazorla;Hospitales Generales;Publicos;
0333003415;CENTRO MEDICO DE ASTURIAS;744;Asturias, Principado de;Asturias;Oviedo;Hospitales Generales;Privados;
1236000123;CENTRO MEDICO PINTADO;C-36-000132;Galicia;Pontevedra;Vigo;Hospitales Generales;Privados;
0908005171;CENTRO MEDICO TEKNON,  GRUPO QUIRONSALUD;H08000642;Cataluña;Barcelona;Barcelona;Hospitales Generales;Privados;
1531000738;CLINICA ARCANGEL SAN MIGUEL - PAMPLONA;C10112;Navarra, Comunidad Foral de;Navarra;Pamplona/Iruña;Hospitales Generales;Privados;
0333002562;CLINICA ASTURIAS;680;Asturias, Principado de;Asturias;Oviedo;Hospitales Generales;Privados;
0917000812;CLINICA BOFILL;H17001460;Cataluña;Girona;Girona;Hospitales Generales;Privados;
0535000315;CLINICA CAJAL;1023;Canarias;Palmas, Las;Palmas de Gran Canaria, Las;Hospitales Generales;Privados;
1328000065;CLINICA CEMTRO;CH0079;Madrid, Comunidad de;Madrid;Madrid;Hospitales Generales;Privados;
0908005138;CLINICA CORACHAN;H08000064;Cataluña;Barcelona;Barcelona;Hospitales Generales;Privados;
0908005261;CLINICA CREU BLANCA;H08678950;Cataluña;Barcelona;Barcelona;Hospitales Generales;Privados;
0123000215;CLINICA CRISTO REY;16088;Andalucía;Jaén;Jaén;Hospitales Generales;Privados;
0908005149;CLINICA DIAGONAL;H08000226;Cataluña;Barcelona;Esplugues de Llobregat;Hospitales Generales;Privados;
0819000193;CLINICA DOCTOR SANZ VAZQUEZ;1903647/0003028;Castilla - La Mancha;Guadalajara;Guadalajara;Hospitales Generales;Privados;
0917000814;CLINICA GIRONA;H17001491;Cataluña;Girona;Girona;Hospitales Generales;Privados;
1648000010;CLINICA GUIMON, S.A.;48 C.1.1. 41;País Vasco;Bizkaia;Bilbao;Hospitales Generales;Privados;
1648002635;CLINICA IMQ ZORROTZAURRE;48 C.1.1. 8375;País Vasco;Bizkaia;Bilbao;Hospitales Generales;Privados;
1648000012;CLINICA INDAUTXU, S.A.;48 C.1.1. 43;País Vasco;Bizkaia;Bilbao;Hospitales Generales;Privados;
0407000008;CLINICA JUANEDA;1015;Balears, Illes;Balears, Illes;Palma;Hospitales Generales;Privados;
0407004406;CLINICA JUANEDA CIUTADELLA;4999;Balears, Illes;Balears, Illes;Ciutadella de Menorca;Hospitales Generales;Privados;
0407000006;CLINICA JUANEDA MAHON;1009;Balears, Illes;Balears, Illes;Maó;Hospitales Generales;Privados;
1328000007;CLINICA LA LUZ, S.L.;CH0008;Madrid, Comunidad de;Madrid;Madrid;Hospitales Generales;Privados;
0111000297;CLINICA LOS ALAMOS;16134;Andalucía;Cádiz;Jerez de la Frontera;Hospitales Generales;Privados;
1726000080;CLINICA LOS MANZANOS;10940701900C1;Rioja, La;Rioja, La;Lardero;Hospitales Generales;Privados;
0121000151;CLINICA LOS NARANJOS;16081;Andalucía;Huelva;Huelva;Hospitales Generales;Privados;
0407003152;CLINICA LUZ DE PALMA;4427;Balears, Illes;Balears, Illes;Palma;Hospitales Generales;Privados;
0908005161;CLINICA MC COPERNIC;H08000466;Cataluña;Barcelona;Barcelona;Hospitales Generales;Privados;
0908005268;CLINICA MC LONDRES;H08683332;Cataluña;Barcelona;Sant Cugat del Vallès;Hospitales Generales;Privados;
0925000577;CLINICA MI NOVA ALIANÇA;H25001692;Cataluña;Lleida;Lleida;Hospitales Generales;Privados;
0250000035;CLINICA MONTPELLIER, GRUPO HLA,  S.A.U;5010021;Aragón;Zaragoza;Zaragoza;Hospitales Generales;Privados;
0908005165;CLINICA NOSTRA SENYORA DEL REMEI;H08000554;Cataluña;Barcelona;Barcelona;Hospitales Generales;Privados;
0925000575;CLINICA PERPETUO SOCORRO DE LERIDA, GRUPO HLA, SLU;H25001653;Cataluña;Lleida;Lleida;Hospitales Generales;Privados;
0724001715;CLINICA PONFERRADA RECOLETAS;24-C11-0005;Castilla y León;León;Ponferrada;Hospitales Generales;Privados;
0917000815;CLINICA QUIRURGICA ONYAR;H17001501;Cataluña;Girona;Girona;Hospitales Generales;Privados;
0407000004;CLINICA ROTGER;1006;Balears, Illes;Balears, Illes;Palma;Hospitales Generales;Privados;
0908005167;CLINICA SAGRADA FAMILIA;H08000586;Cataluña;Barcelona;Barcelona;Hospitales Generales;Privados;
0917000807;CLINICA SALUS INFIRMORUM;H17001389;Cataluña;Girona;Banyoles;Hospitales Generales;Privados;
1531000735;CLINICA SAN FERMIN;C10109;Navarra, Comunidad Foral de;Navarra;Pamplona/Iruña;Hospitales Generales;Privados;
0908005202;CLINICA SANT JOSEP;H08001290;Cataluña;Barcelona;Vic;Hospitales Generales;Privados;
0908005186;CLINICA SANT JOSEP (MANRESA);H08001011;Cataluña;Barcelona;Manresa;Hospitales Generales;Privados;
0917000811;CLINICA SANTA CREU;H17001452;Cataluña;Girona;Figueres;Hospitales Generales;Privados;
0141000539;CLINICA SANTA ISABEL;16113;Andalucía;Sevilla;Sevilla;Hospitales Generales;Privados;
1620000008;CLINICA SANTA MARIA DE LA ASUNCION (INVIZA S. A.);20 C.1.1. 27;País Vasco;Gipuzkoa;Tolosa;Hospitales Generales;Privados;
1110000696;CLINICA SOQUIMEX;100106;Extremadura;Cáceres;Plasencia;Hospitales Generales;Privados;
0943000759;CLINICA TERRES DE L'EBRE;H43001967;Cataluña;Tarragona;Tortosa;Hospitales Generales;Publicos;
0908005139;CLINICA TRES TORRES;H08000071;Cataluña;Barcelona;Barcelona;Hospitales Generales;Privados;
